City_ID,City,Country,Date,Lat,Lng,Max Temp,Humidity,Cloudiness,Wind Speed
0,kodiak,US,2022-02-17 23:07:24,57.79,-152.4072,45.91,76,40,9.22
1,batagay-alyta,RU,2022-02-17 23:07:24,67.8006,130.4114,-27.15,88,100,4.61
2,mataura,NZ,2022-02-17 23:07:25,-46.1927,168.8643,68.49,45,25,4.47
3,busselton,AU,2022-02-17 23:07:25,-33.65,115.3333,65.05,63,0,12.39
4,petropavlovsk-kamchatskiy,RU,2022-02-17 23:07:25,53.0452,158.6483,23.59,93,100,4.47
5,boende,CD,2022-02-17 23:07:26,-0.2167,20.8667,78.49,55,78,2.68
6,kholtoson,RU,2022-02-17 23:07:26,50.2981,103.3097,-9.36,93,100,2.75
7,saint-pierre,RE,2022-02-17 23:07:27,-21.3393,55.4781,78.48,73,0,19.57
8,kindu,CD,2022-02-17 23:07:27,-2.95,25.95,69.04,82,62,2.24
9,new norfolk,AU,2022-02-17 23:07:28,-42.7826,147.0587,60.93,52,49,5.99
10,rikitea,PF,2022-02-17 23:07:28,-23.1203,-134.9692,78.19,71,10,8.41
11,albany,US,2022-02-17 23:07:28,42.6001,-73.9662,55.98,79,100,1.01
12,college,US,2022-02-17 23:07:29,64.8569,-147.8028,11.8,66,100,10.36
13,ushuaia,AR,2022-02-17 23:05:48,-54.8,-68.3,52.92,76,30,3.96
14,soyo,AO,2022-02-17 23:07:29,-6.1349,12.3689,79.77,85,98,4.34
15,yelizovo,RU,2022-02-17 23:07:30,53.1873,158.3805,24.94,92,100,4.47
16,ribeira grande,PT,2022-02-17 23:07:30,38.5167,-28.7,51.58,64,90,27.56
17,nalut,LY,2022-02-17 23:07:30,30.3333,10.85,50.09,58,81,4.56
18,hobart,AU,2022-02-17 23:07:31,-42.8794,147.3294,61.27,56,75,6.91
19,margate,GB,2022-02-17 23:07:31,51.3813,1.3862,48.31,79,83,5.01
20,huasahuasi,PE,2022-02-17 23:07:32,-11.3167,-75.6167,41.86,92,100,1.5
21,broome,US,2022-02-17 23:07:32,42.2506,-75.833,52.47,80,100,14.97
22,lookan,PH,2022-02-17 23:07:32,5.037,120.1027,79.43,83,100,5.39
23,bengkulu,ID,2022-02-17 23:03:17,-3.8004,102.2655,76.6,78,99,3.62
24,iqaluit,CA,2022-02-17 23:07:33,63.7506,-68.5145,-23.31,67,39,7.14
25,cidreira,BR,2022-02-17 23:07:33,-30.1811,-50.2056,73.47,82,26,10.78
26,san luis,AR,2022-02-17 23:04:06,-33.295,-66.3356,77.68,34,19,15.21
27,cape town,ZA,2022-02-17 23:07:34,-33.9258,18.4232,68.34,63,0,1.99
28,diapaga,BF,2022-02-17 23:07:35,12.0708,1.7889,82.6,12,58,6.02
29,staritsa,RU,2022-02-17 23:07:35,56.5075,34.9354,34.02,98,100,14.14
30,castro,BR,2022-02-17 23:07:36,-24.7911,-50.0119,60.64,86,97,3.04
31,itupiranga,BR,2022-02-17 23:07:36,-5.1347,-49.3267,73.62,95,98,2.64
32,chuy,UY,2022-02-17 23:07:36,-33.6971,-53.4616,68.31,80,50,9.48
33,carnarvon,AU,2022-02-17 23:07:37,-24.8667,113.6333,85.12,65,88,3.49
34,paranaiba,BR,2022-02-17 23:05:09,-19.6772,-51.1908,73.94,81,87,4.27
35,puerto ayora,EC,2022-02-17 23:07:37,-0.7393,-90.3518,78.55,72,74,8.05
36,bredasdorp,ZA,2022-02-17 23:07:38,-34.5322,20.0403,65.28,72,9,14.47
37,bom jesus,BR,2022-02-17 23:07:38,-9.0744,-44.3586,77.95,75,93,3.09
38,gushikawa,JP,2022-02-17 23:07:39,26.3544,127.8686,57.2,93,100,18.41
39,nizhniy ingash,RU,2022-02-17 23:07:39,56.2,96.53,-2.79,88,100,4.81
40,porto novo,BJ,2022-02-17 23:07:40,6.4965,2.6036,80.42,83,49,8.21
41,avarua,CK,2022-02-17 23:07:40,-21.2078,-159.775,75.25,94,75,17.27
42,waingapu,ID,2022-02-17 23:07:41,-9.6567,120.2641,79.27,79,5,2.1
43,richards bay,ZA,2022-02-17 23:07:41,-28.783,32.0377,71.49,87,99,6.11
44,upernavik,GL,2022-02-17 23:07:41,72.7868,-56.1549,-25.55,93,100,3.83
45,saint anthony,US,2022-02-17 23:07:42,45.0205,-93.218,9.66,50,0,11.5
46,grand gaube,MU,2022-02-17 23:08:42,-20.0064,57.6608,77.38,79,100,5.01
47,olavarria,AR,2022-02-17 23:08:42,-36.8927,-60.3225,65.08,37,0,8.59
48,tomatlan,MX,2022-02-17 23:08:43,19.9333,-105.25,86.95,36,0,13.69
49,atuona,PF,2022-02-17 23:08:43,-9.8,-139.0333,78.87,73,4,18.21
50,yellowknife,CA,2022-02-17 23:08:44,62.456,-114.3525,-9.58,81,40,13.8
51,asau,RO,2022-02-17 23:07:23,46.4333,26.4,47.32,74,49,19.04
52,saskylakh,RU,2022-02-17 23:08:44,71.9167,114.0833,-22.11,93,99,7.78
53,namatanai,PG,2022-02-17 23:08:45,-3.6667,152.4333,82.74,75,94,6.31
54,chlorakas,CY,2022-02-17 23:08:45,34.8042,32.4083,51.03,83,0,6.91
55,punta arenas,CL,2022-02-17 23:08:45,-53.15,-70.9167,57.31,67,75,16.11
56,tiksi,RU,2022-02-17 23:08:46,71.6872,128.8694,-28.59,100,99,1.36
57,georgetown,MY,2022-02-17 23:04:14,5.4112,100.3354,80.89,88,20,0.0
58,durres,AL,2022-02-17 23:08:47,41.3231,19.4414,41.18,78,43,2.08
59,kingseat,GB,2022-02-17 23:08:47,56.0974,-3.4084,36.75,88,0,4.61
60,gueret,FR,2022-02-17 23:08:48,46.1667,1.8667,48.83,98,100,5.75
61,come,BJ,2022-02-17 23:08:48,6.4076,1.882,80.35,82,45,10.27
62,shakawe,BW,2022-02-17 23:08:48,-18.3667,21.85,71.55,58,98,5.08
63,pevek,RU,2022-02-17 23:08:49,69.7008,170.3133,-30.32,97,89,4.38
64,nikolskoye,RU,2022-02-17 23:08:49,59.7035,30.7861,38.88,99,100,12.62
65,hamilton,US,2022-02-17 23:04:04,39.1834,-84.5333,60.04,98,100,4.61
66,chuguyevka,RU,2022-02-17 23:08:50,44.1653,133.8633,0.63,98,100,2.28
67,tairua,NZ,2022-02-17 23:08:50,-37.0167,175.85,71.02,62,9,5.73
68,codrington,AU,2022-02-17 23:08:51,-38.2667,141.9667,61.7,74,100,17.13
69,bathsheba,BB,2022-02-17 23:08:51,13.2167,-59.5167,77.61,78,40,13.8
70,port-cartier,CA,2022-02-17 23:08:52,50.0334,-66.8654,26.82,86,100,6.22
71,beruwala,LK,2022-02-17 23:07:15,6.4788,79.9828,76.01,82,87,4.61
72,arraial do cabo,BR,2022-02-17 23:08:52,-22.9661,-42.0278,76.14,83,12,12.57
73,turukhansk,RU,2022-02-17 23:08:53,65.8167,87.9833,3.79,89,100,14.9
74,bellary,IN,2022-02-17 23:08:53,15.15,76.9333,74.01,53,82,5.66
75,bereda,ES,2022-02-17 23:08:54,43.2686,-7.5406,54.0,99,21,4.56
76,norman wells,CA,2022-02-17 23:08:06,65.282,-126.8329,-7.17,89,84,8.05
77,sobolevo,RU,2022-02-17 23:08:54,54.4299,31.8996,35.31,100,100,14.74
78,yarkovo,RU,2022-02-17 23:08:55,57.4028,67.0786,18.93,88,100,8.43
79,luganville,VU,2022-02-17 23:08:55,-15.5333,167.1667,84.74,72,65,3.49
80,ponta do sol,PT,2022-02-17 23:08:56,32.6667,-17.1,63.01,67,67,3.33
81,vao,NC,2022-02-17 23:08:56,-22.6667,167.4833,78.71,84,100,9.75
82,beira,MZ,2022-02-17 23:08:56,-19.8436,34.8389,82.49,78,40,13.8
83,airai,TL,2022-02-17 23:08:57,-8.9266,125.4092,64.02,81,8,1.23
84,ust-ordynskiy,RU,2022-02-17 23:08:57,52.805,104.7508,-14.96,100,100,3.51
85,nuuk,GL,2022-02-17 23:08:58,64.1835,-51.7216,7.41,56,40,13.8
86,verkhoturye,RU,2022-02-17 23:08:58,58.8627,60.8054,18.18,83,85,9.86
87,saint-philippe,RE,2022-02-17 23:08:59,-21.3585,55.7679,78.39,84,68,11.79
88,kandava,LV,2022-02-17 23:08:59,57.0409,22.7747,34.2,79,99,13.91
89,sandwick,GB,2022-02-17 23:08:59,60.0,-1.25,40.82,70,20,24.16
90,bluff,NZ,2022-02-17 23:10:00,-46.6,168.3333,68.81,61,94,14.12
91,mto wa mbu,TZ,2022-02-17 23:10:00,-3.35,35.85,69.12,86,84,2.19
92,clyde river,CA,2022-02-17 23:10:01,70.4692,-68.5914,-35.54,84,77,2.73
93,gualaquiza,EC,2022-02-17 23:10:03,-3.4,-78.55,68.74,95,73,1.7
94,torbay,CA,2022-02-17 23:10:04,47.6666,-52.7314,44.58,84,100,14.0
95,kamaishi,JP,2022-02-17 23:10:05,39.2667,141.8833,31.15,76,100,5.37
96,tazovskiy,RU,2022-02-17 23:10:05,67.4667,78.7,7.72,94,100,15.26
97,traverse city,US,2022-02-17 23:10:06,44.7631,-85.6206,21.94,69,100,13.8
98,benguela,AO,2022-02-17 23:10:06,-12.5763,13.4055,78.62,73,79,3.69
99,hami,CN,2022-02-17 23:10:07,42.8,93.45,19.08,37,56,6.53
100,sicamous,CA,2022-02-17 23:10:07,50.8331,-118.9856,39.49,98,100,3.76
101,tuktoyaktuk,CA,2022-02-17 23:10:08,69.4541,-133.0374,-8.23,96,100,14.85
102,kapaa,US,2022-02-17 23:10:08,22.0752,-159.319,80.58,69,75,11.5
103,lorengau,PG,2022-02-17 23:10:09,-2.0226,147.2712,83.1,75,100,3.65
104,roros,NO,2022-02-17 23:10:09,62.5747,11.3842,21.04,79,100,9.22
105,hilo,US,2022-02-17 23:10:10,19.7297,-155.09,78.8,84,75,4.61
106,san patricio,US,2022-02-17 23:10:10,28.017,-97.5169,86.09,20,0,14.7
107,bati,ET,2022-02-17 23:10:10,11.1833,40.0167,65.73,50,5,3.78
108,dukat,RU,2022-02-17 23:10:11,62.55,155.55,-28.44,100,99,4.85
109,kamskiye polyany,RU,2022-02-17 23:10:11,55.4307,51.4171,18.41,82,14,13.94
110,vaini,TO,2022-02-17 23:10:12,-21.2,-175.2,81.18,74,14,9.6
111,hithadhoo,MV,2022-02-17 23:10:12,-0.6,73.0833,83.03,68,100,12.95
112,magnor,SE,2022-02-17 23:10:13,59.9511,12.1996,32.41,80,100,3.13
113,vilyuysk,RU,2022-02-17 23:10:13,63.7553,121.6247,-19.25,98,100,3.78
114,merauke,ID,2022-02-17 23:10:14,-8.4667,140.3333,81.1,77,100,2.62
115,alexandria,EG,2022-02-17 23:06:10,31.2156,29.9553,53.51,80,8,3.15
116,ixtapa,MX,2022-02-17 23:10:14,20.7,-105.2,76.23,69,0,13.8
117,sistranda,NO,2022-02-17 23:10:15,63.7256,8.834,35.56,84,100,5.73
118,touros,BR,2022-02-17 23:10:15,-5.1989,-35.4608,83.3,76,4,6.51
119,hambantota,LK,2022-02-17 23:10:15,6.1241,81.1185,73.02,81,99,8.25
120,nanortalik,GL,2022-02-17 23:10:16,60.1432,-45.2371,12.42,54,100,10.25
121,naze,JP,2022-02-17 23:10:16,28.3667,129.4833,48.34,86,100,16.64
122,bethel,US,2022-02-17 23:10:17,41.3712,-73.414,57.74,76,100,12.66
123,ochamchira,GE,2022-02-17 23:10:17,42.7121,41.4721,44.24,64,82,2.95
124,praia da vitoria,PT,2022-02-17 23:09:04,38.7333,-27.0667,50.76,74,99,27.4
125,la rioja,ES,2022-02-17 23:10:18,42.25,-2.5,41.31,63,28,6.76
126,lakatoro,VU,2022-02-17 23:10:18,-16.0999,167.4164,83.89,74,39,5.99
127,jamestown,US,2022-02-17 23:05:46,42.097,-79.2353,52.92,72,100,6.91
128,bara,NG,2022-02-17 23:10:19,10.3744,10.7288,75.96,16,17,8.05
129,butaritari,KI,2022-02-17 23:10:19,3.0707,172.7902,81.7,77,74,23.8
130,ailigandi,PA,2022-02-17 23:10:19,9.2333,-78.0167,79.07,84,100,7.9
131,saint george,US,2022-02-17 23:06:44,37.1041,-113.5841,57.67,19,0,4.61
132,havoysund,NO,2022-02-17 23:10:20,70.9963,24.6622,27.48,76,88,20.09
133,padang,ID,2022-02-17 23:10:20,-0.9492,100.3543,78.89,64,100,3.62
134,manadhoo,MV,2022-02-17 23:10:21,5.7667,73.3833,79.99,74,55,4.65
135,pouembout,NC,2022-02-17 23:10:21,-21.1333,164.9,85.73,68,10,3.89
136,meix-devant-virton,BE,2022-02-17 23:10:22,49.6167,5.4833,47.93,94,57,10.83
137,afyonkarahisar,TR,2022-02-17 23:10:22,38.75,30.6667,33.91,73,51,3.38
138,buala,SB,2022-02-17 23:10:23,-8.145,159.5921,84.96,70,62,2.68
139,udachnyy,RU,2022-02-17 23:11:23,66.4167,112.4,-37.34,100,57,4.36
140,barrow,US,2022-02-17 23:11:23,71.2906,-156.7887,-12.98,70,100,6.91
141,sanary-sur-mer,FR,2022-02-17 23:11:24,43.1178,5.8001,61.65,74,1,8.01
142,najran,SA,2022-02-17 23:11:24,17.4924,44.1277,60.62,31,0,2.42
143,kropotkin,RU,2022-02-17 23:11:25,45.4375,40.5756,37.45,76,100,6.51
144,xingcheng,CN,2022-02-17 23:11:25,40.6167,120.7167,22.24,72,100,11.52
145,port-gentil,GA,2022-02-17 23:11:26,-0.7193,8.7815,80.78,75,12,5.46
146,aklavik,CA,2022-02-17 23:11:26,68.2191,-135.0107,-7.6,77,40,3.44
147,key west,US,2022-02-17 23:11:26,24.5557,-81.7826,77.0,88,0,13.8
148,lulea,SE,2022-02-17 23:11:27,65.5842,22.1547,21.27,93,100,13.8
149,thinadhoo,MV,2022-02-17 23:11:27,0.5333,72.9333,82.18,67,93,12.3
150,sur,OM,2022-02-17 23:11:28,22.5667,59.5289,70.21,63,0,7.0
151,mogadishu,SO,2022-02-17 23:11:28,2.0371,45.3438,76.62,81,2,17.67
152,brownsville,US,2022-02-17 23:11:29,25.9018,-97.4975,86.11,50,0,17.27
153,shaki,AZ,2022-02-17 23:11:29,41.0833,47.1667,32.31,73,19,3.29
154,nizhniy baskunchak,RU,2022-02-17 23:11:29,48.2198,46.8311,31.96,89,39,11.61
155,severo-kurilsk,RU,2022-02-17 23:11:30,50.6789,156.125,29.28,95,100,9.75
156,jamame,SO,2022-02-17 23:11:30,0.0722,42.7506,74.82,91,3,6.49
157,belawan,ID,2022-02-17 23:11:31,3.7755,98.6832,76.33,89,100,3.44
158,ciudad bolivar,VE,2022-02-17 23:11:31,8.1222,-63.5497,82.42,49,96,13.38
159,harkany,HU,2022-02-17 23:11:31,45.85,18.2367,49.37,57,0,12.66
160,tasiilaq,GL,2022-02-17 23:11:32,65.6145,-37.6368,24.96,93,100,19.46
161,ilulissat,GL,2022-02-17 23:11:32,69.2167,-51.1,3.22,85,100,10.36
162,pacific grove,US,2022-02-17 23:07:54,36.6177,-121.9166,71.15,52,0,13.8
163,villacarrillo,ES,2022-02-17 23:11:33,38.1156,-3.0848,43.99,59,10,2.71
164,port victoria,KE,2022-02-17 23:11:33,0.0939,33.9756,72.95,73,89,6.91
165,lebu,CL,2022-02-17 23:11:33,-37.6167,-73.65,59.38,75,0,17.18
166,chulym,RU,2022-02-17 23:11:34,55.0997,80.9572,16.0,93,100,14.41
167,kaitangata,NZ,2022-02-17 23:11:35,-46.2817,169.8464,67.93,64,7,2.95
168,paamiut,GL,2022-02-17 23:11:35,61.994,-49.6678,0.91,85,89,9.46
169,hermanus,ZA,2022-02-17 23:11:35,-34.4187,19.2345,65.8,76,0,16.96
170,sisimiut,GL,2022-02-17 23:11:36,66.9395,-53.6735,-8.7,97,99,4.97
171,tak,TH,2022-02-17 23:11:36,16.5833,98.8333,65.44,93,52,2.04
172,pisco,PE,2022-02-17 23:11:37,-13.7,-76.2167,70.02,83,0,17.27
173,tuatapere,NZ,2022-02-17 23:11:37,-46.1333,167.6833,68.83,59,100,7.63
174,itoman,JP,2022-02-17 23:11:38,26.1247,127.6694,57.97,96,75,18.41
175,san clemente,US,2022-02-17 23:11:26,33.427,-117.612,75.02,40,0,3.0
176,bandarbeyla,SO,2022-02-17 23:11:38,9.4942,50.8122,73.2,69,2,13.85
177,cap malheureux,MU,2022-02-17 23:11:38,-19.9842,57.6142,77.47,79,100,5.99
178,souillac,MU,2022-02-17 23:11:39,-20.5167,57.5167,77.36,76,100,17.63
179,netarhat,IN,2022-02-17 23:11:39,23.4833,84.2667,48.22,45,0,1.63
180,omboue,GA,2022-02-17 23:11:40,-1.5746,9.2618,77.31,84,13,3.13
181,kungurtug,RU,2022-02-17 23:11:40,50.5994,97.5228,-22.97,99,48,1.66
182,flinders,AU,2022-02-17 23:11:41,-34.5833,150.8552,81.05,76,16,4.0
183,arvika,SE,2022-02-17 23:11:41,59.6553,12.5852,30.81,75,98,4.54
184,huarmey,PE,2022-02-17 23:11:41,-10.0681,-78.1522,73.38,80,54,9.06
185,port macquarie,AU,2022-02-17 23:10:51,-31.4333,152.9167,81.9,63,10,0.72
186,vardo,NO,2022-02-17 23:11:42,70.3705,31.1107,28.6,60,100,29.26
187,akdepe,TM,2022-02-17 23:12:42,42.0551,59.3788,24.8,51,0,7.54
188,luderitz,NA,2022-02-17 23:12:43,-26.6481,15.1594,73.09,65,8,12.33
189,rabo de peixe,PT,2022-02-17 23:12:43,37.8,-25.5833,53.28,81,40,13.8
190,ponta delgada,PT,2022-02-17 23:12:44,37.7333,-25.6667,54.5,66,40,13.8
191,ahipara,NZ,2022-02-17 23:12:44,-35.1667,173.1667,73.36,52,58,4.79
192,winnemucca,US,2022-02-17 23:12:45,40.973,-117.7357,48.25,29,0,3.44
193,saint marys,US,2022-02-17 23:12:45,30.7305,-81.5465,80.85,84,0,19.57
194,funadhoo,MV,2022-02-17 23:12:45,6.15,73.2667,80.15,74,32,5.3
195,upington,ZA,2022-02-17 23:12:46,-28.4478,21.2561,75.04,55,100,11.79
196,biguacu,BR,2022-02-17 23:12:46,-27.4942,-48.6556,69.82,92,99,2.46
197,tessalit,ML,2022-02-17 23:12:47,20.1986,1.0114,70.23,18,95,9.44
198,ketchikan,US,2022-02-17 23:12:47,55.3422,-131.6461,46.87,87,100,10.36
199,moissala,TD,2022-02-17 23:12:48,8.3404,17.7663,78.67,14,56,5.73
200,lisakovsk,KZ,2022-02-17 23:12:48,52.5369,62.4936,10.33,91,100,12.26
201,atar,MR,2022-02-17 23:12:48,20.5169,-13.0499,68.25,9,100,6.73
202,yinchuan,CN,2022-02-17 23:12:49,38.4681,106.2731,24.82,38,100,5.48
203,iguguno,TZ,2022-02-17 23:12:49,-4.5697,34.6275,62.96,90,99,2.8
204,lucea,JM,2022-02-17 23:12:49,18.451,-78.1736,75.85,78,37,12.93
205,areosa,PT,2022-02-17 23:12:50,41.7178,-8.8571,54.66,88,63,6.51
206,shaunavon,CA,2022-02-17 23:12:50,49.6501,-108.4181,34.07,79,88,20.09
207,tevriz,RU,2022-02-17 23:12:51,57.509,72.4042,18.39,93,100,7.23
208,ola,RU,2022-02-17 23:12:51,59.5833,151.2833,-10.86,85,46,12.5
209,isabela,PH,2022-02-17 23:12:52,6.7085,121.9711,78.12,76,90,2.46
210,syamzha,RU,2022-02-17 23:12:52,60.0158,41.0614,33.35,97,100,16.53
211,domoni,KM,2022-02-17 23:12:52,-12.2569,44.5319,79.61,85,22,4.45
212,rio gallegos,AR,2022-02-17 23:12:53,-51.6226,-69.2181,71.65,40,75,11.5
213,thompson,CA,2022-02-17 23:12:53,55.7435,-97.8558,-5.1,90,99,4.94
214,garissa,KE,2022-02-17 23:12:54,-0.4536,39.6401,79.14,66,8,12.06
215,tawau,MY,2022-02-17 23:12:54,4.2498,117.8871,75.65,84,74,4.29
216,inta,RU,2022-02-17 23:12:55,66.0317,60.1659,22.5,89,100,8.25
217,kahului,US,2022-02-17 23:12:55,20.8947,-156.47,87.82,60,20,24.16
218,port alfred,ZA,2022-02-17 23:12:56,-33.5906,26.891,66.27,73,17,6.82
219,faanui,PF,2022-02-17 23:12:56,-16.4833,-151.75,80.38,73,6,9.24
220,kasongo-lunda,CD,2022-02-17 23:12:57,-6.4667,16.8167,69.26,95,79,1.32
221,san andres,CO,2022-02-17 23:12:57,12.5847,-81.7006,82.42,74,20,17.27
222,vicksburg,US,2022-02-17 23:12:58,32.3526,-90.8779,69.48,89,100,8.05
223,acarau,BR,2022-02-17 23:12:58,-2.8856,-40.12,79.27,80,10,9.51
224,guerrero negro,MX,2022-02-17 23:12:58,27.9769,-114.0611,67.28,43,0,12.95
225,teahupoo,PF,2022-02-17 23:08:09,-17.8333,-149.2667,78.53,76,35,15.41
226,synya,RU,2022-02-17 23:12:59,65.3718,58.0387,25.74,91,100,12.88
227,mahebourg,MU,2022-02-17 23:12:59,-20.4081,57.7,77.25,72,100,18.48
228,karimpur,IN,2022-02-17 23:13:00,23.9667,88.6167,61.07,50,0,4.9
229,umm lajj,SA,2022-02-17 23:13:00,25.0213,37.2685,67.53,62,96,1.59
230,hofn,IS,2022-02-17 23:13:01,64.2539,-15.2082,29.48,69,80,20.78
231,esperance,AU,2022-02-17 23:14:01,-33.8667,121.9,61.72,79,0,8.28
232,kavieng,PG,2022-02-17 23:14:01,-2.5744,150.7967,83.16,74,100,9.44
233,dikson,RU,2022-02-17 23:14:02,73.5069,80.5464,-21.12,97,44,7.36
234,port hardy,CA,2022-02-17 23:14:02,50.6996,-127.4199,45.75,86,81,0.98
235,provideniya,RU,2022-02-17 23:14:03,64.3833,-173.3,10.51,61,75,28.99
236,mar del plata,AR,2022-02-17 23:10:31,-38.0023,-57.5575,63.88,74,40,11.99
237,port elizabeth,ZA,2022-02-17 23:14:03,-33.918,25.5701,61.11,76,3,6.67
238,necochea,AR,2022-02-17 23:14:04,-38.5473,-58.7368,62.04,70,0,8.21
239,namibe,AO,2022-02-17 23:14:04,-15.1961,12.1522,76.48,79,100,1.88
240,alofi,NU,2022-02-17 23:14:05,-19.0595,-169.9187,80.49,83,75,3.44
241,morondava,MG,2022-02-17 23:14:05,-20.2833,44.2833,77.36,88,48,8.61
242,saint-georges,GD,2022-02-17 23:14:05,12.0564,-61.7485,77.16,71,55,14.36
243,pangody,RU,2022-02-17 23:14:06,65.85,74.4859,10.18,97,99,8.63
244,chalus,IR,2022-02-17 23:14:06,36.655,51.4204,47.98,69,25,3.4
245,montgomery,US,2022-02-17 23:10:38,39.1501,-77.1997,67.57,63,100,10.36
246,qaanaaq,GL,2022-02-17 23:14:07,77.484,-69.3632,-17.12,87,71,5.14
247,zhezkazgan,KZ,2022-02-17 23:14:07,47.8043,67.7144,-4.02,91,6,6.42
248,kedrovyy,RU,2022-02-17 23:14:08,56.1667,91.8167,8.87,90,100,8.66
249,bilma,NE,2022-02-17 23:12:53,18.6853,12.9164,67.77,22,4,16.35
250,westport,US,2022-02-17 23:13:40,41.1415,-73.3579,59.54,88,100,20.71
251,dubna,RU,2022-02-17 23:14:09,56.7333,37.1667,34.93,97,100,15.26
252,kaeo,NZ,2022-02-17 23:14:09,-35.1,173.7833,76.32,63,65,7.67
253,lodja,CD,2022-02-17 23:14:09,-3.4833,23.4333,69.22,94,79,2.15
254,sambava,MG,2022-02-17 23:14:10,-14.2667,50.1667,76.48,87,66,10.02
255,dong hoi,VN,2022-02-17 23:14:10,17.4833,106.6,71.08,96,46,2.37
256,ust-kuyga,RU,2022-02-17 23:14:11,70.0167,135.6,-39.26,100,99,6.17
257,safita,SY,2022-02-17 23:14:11,34.8205,36.1153,49.84,68,81,5.39
258,svetlopolyansk,RU,2022-02-17 23:14:12,59.4184,52.3605,25.2,91,100,12.35
259,aleksandrov gay,RU,2022-02-17 23:14:12,50.147,48.5704,22.19,84,14,11.1
260,alta,NO,2022-02-17 23:14:12,69.9689,23.2717,25.84,83,75,4.61
261,talara,PE,2022-02-17 23:14:13,-4.5772,-81.2719,73.89,76,89,10.51
262,east london,ZA,2022-02-17 23:14:13,-33.0153,27.9116,69.53,64,78,4.12
263,hasaki,JP,2022-02-17 23:14:14,35.7333,140.8333,39.6,44,25,28.23
264,bam,IR,2022-02-17 23:14:14,29.106,58.357,50.67,46,4,0.6
265,peniche,PT,2022-02-17 23:14:14,39.3558,-9.3811,57.61,88,34,8.43
266,vanimo,PG,2022-02-17 23:14:15,-2.6741,141.3028,80.31,85,100,2.91
267,jutai,BR,2022-02-17 23:14:15,-5.1833,-68.9,74.43,95,95,1.97
268,pangnirtung,CA,2022-02-17 23:14:16,66.1451,-65.7125,-15.29,99,100,1.86
269,betanzos,ES,2022-02-17 23:14:16,43.2804,-8.2147,58.75,81,75,12.66
270,coquimbo,CL,2022-02-17 23:14:16,-29.9533,-71.3436,65.93,77,20,11.5
271,geraldton,AU,2022-02-17 23:14:17,-28.7667,114.6,77.41,19,48,10.36
272,sao joao da barra,BR,2022-02-17 23:14:17,-21.6403,-41.0511,74.43,92,58,10.56
273,herrin,US,2022-02-17 23:14:17,37.8031,-89.0276,33.71,93,100,26.46
274,phalaborwa,ZA,2022-02-17 23:14:18,-23.943,31.1411,70.95,77,2,13.47
275,nhulunbuy,AU,2022-02-17 23:14:18,-12.2333,136.7667,84.81,74,85,5.75
276,wanning,CN,2022-02-17 23:14:19,18.8003,110.3967,69.6,92,99,4.63
277,sitka,US,2022-02-17 23:15:19,57.0531,-135.33,42.69,75,75,6.91
278,kavaratti,IN,2022-02-17 23:15:20,10.5669,72.642,79.95,68,49,9.91
279,lagoa,PT,2022-02-17 23:15:20,39.05,-27.9833,50.07,64,100,28.23
280,klaksvik,FO,2022-02-17 23:15:20,62.2266,-6.589,32.92,64,91,5.37
281,ahuimanu,US,2022-02-17 23:15:21,21.4447,-157.8378,83.91,64,40,11.5
282,ambon,ID,2022-02-17 23:15:21,-3.6954,128.1814,80.74,83,40,3.44
283,siavonga,ZM,2022-02-17 23:15:22,-16.5382,28.7088,71.89,90,35,6.6
284,kalaleh,IR,2022-02-17 23:15:22,37.3807,55.4916,44.37,65,3,4.23
285,barabinsk,RU,2022-02-17 23:15:22,55.3571,78.357,15.85,95,100,12.59
286,chicama,PE,2022-02-17 23:15:23,-7.8447,-79.1469,64.94,67,85,9.48
287,chokurdakh,RU,2022-02-17 23:15:23,70.6333,147.9167,-32.26,100,30,1.16
288,marsh harbour,BS,2022-02-17 23:15:24,26.5412,-77.0636,74.1,85,4,17.2
289,husavik,IS,2022-02-17 23:15:24,66.0449,-17.3389,26.51,81,100,5.59
290,kangaatsiaq,GL,2022-02-17 23:15:24,68.3065,-53.4641,-1.79,96,100,5.66
291,jacqueville,CI,2022-02-17 23:11:18,5.2052,-4.4146,82.31,86,50,11.56
292,sao filipe,CV,2022-02-17 23:15:25,14.8961,-24.4956,74.05,62,100,12.37
293,khatanga,RU,2022-02-17 23:15:26,71.9667,102.5,-33.84,99,20,3.36
294,tautira,PF,2022-02-17 23:15:26,-17.7333,-149.15,78.82,75,32,14.36
295,shenjiamen,CN,2022-02-17 23:15:26,29.9576,122.298,42.31,91,100,14.79
296,zharkent,KZ,2022-02-17 23:15:27,44.1628,80.0,15.33,58,0,3.96
297,mangrol,IN,2022-02-17 23:15:28,21.1167,70.1167,69.26,55,0,10.78
298,avera,US,2022-02-17 23:15:28,33.194,-82.5271,77.68,55,95,14.43
299,inhambane,MZ,2022-02-17 23:15:29,-23.865,35.3833,76.77,85,15,10.8
300,taltal,CL,2022-02-17 23:15:23,-25.4,-70.4833,69.01,81,34,5.26
301,pokaran,IN,2022-02-17 23:15:30,26.9167,71.9167,66.54,22,14,7.07
302,seoul,KR,2022-02-17 23:12:42,37.5683,126.9778,18.84,26,5,1.34
303,alekseyevka,RU,2022-02-17 23:15:31,50.6309,38.6903,36.81,85,100,22.41
304,sabzevar,IR,2022-02-17 23:15:31,36.2126,57.6819,38.19,33,0,6.04
305,nuevo progreso,MX,2022-02-17 23:15:31,23.1667,-97.95,93.6,57,15,12.46
306,shamkhal,RU,2022-02-17 23:15:32,43.0596,47.3373,33.78,89,4,6.91
307,salalah,OM,2022-02-17 23:15:32,17.0151,54.0924,69.89,68,0,4.61
308,macrohon,PH,2022-02-17 23:15:33,10.0797,124.9431,78.67,81,100,7.61
309,basugaon,IN,2022-02-17 23:15:33,26.4667,90.4,59.54,60,5,2.71
310,lazarev,RU,2022-02-17 23:15:33,52.225,141.5131,10.31,91,100,10.96
311,poya,NC,2022-02-17 23:15:34,-21.35,165.15,85.06,69,22,3.62
312,fortuna,US,2022-02-17 23:15:34,40.5982,-124.1573,59.86,70,0,14.97
313,ashland,US,2022-02-17 23:15:35,40.8167,-82.2665,48.58,96,100,17.09
314,saint-denis,FR,2022-02-17 23:15:35,48.9167,2.3333,52.57,70,100,5.75
315,riyadh,SA,2022-02-17 23:12:56,24.6877,46.7219,57.34,26,9,10.42
316,mehriz,IR,2022-02-17 23:15:36,31.5917,54.4318,39.7,45,52,0.85
317,narsaq,GL,2022-02-17 23:15:36,60.9167,-46.05,-1.64,80,89,7.87
318,kamenka,RU,2022-02-17 23:15:36,51.3223,42.7678,34.75,87,99,20.71
319,gamba,GA,2022-02-17 23:15:37,-2.65,10.0,77.29,85,26,2.82
320,igbon,PH,2022-02-17 23:15:37,11.2142,123.1655,77.76,83,99,14.94
321,dingle,PH,2022-02-17 23:15:38,10.9995,122.6711,75.47,89,100,6.8
322,northport,US,2022-02-17 23:11:01,33.229,-87.5772,73.22,89,100,21.85
323,khanpur,PK,2022-02-17 23:16:39,28.6453,70.6567,61.93,35,53,11.72
324,bambous virieux,MU,2022-02-17 23:16:39,-20.3428,57.7575,79.05,83,40,11.5
325,alice springs,AU,2022-02-17 23:16:39,-23.7,133.8833,76.55,41,0,14.97
326,wad rawah,SD,2022-02-17 23:16:40,15.1603,33.1397,72.25,12,5,11.7
327,atikokan,CA,2022-02-17 23:16:40,48.7555,-91.6216,-1.26,86,100,3.78
328,saint-francois,FR,2022-02-17 23:16:41,46.4154,3.9054,49.68,99,100,5.75
329,biak,ID,2022-02-17 23:16:41,-0.9131,122.8766,76.12,82,100,3.71
330,ulaangom,MN,2022-02-17 23:16:41,49.9811,92.0667,-21.89,78,26,4.29
331,machinga,MW,2022-02-17 23:16:42,-15.1685,35.3,66.29,99,100,1.32
332,amuntai,ID,2022-02-17 23:16:42,-2.4177,115.2494,73.18,98,100,0.83
333,rundu,NA,2022-02-17 23:16:43,-17.9333,19.7667,68.49,67,33,3.22
334,san cristobal,VE,2022-02-17 23:16:43,7.7669,-72.225,75.38,65,100,1.32
335,yulara,AU,2022-02-17 23:16:43,-25.2406,130.9889,75.04,33,0,14.97
336,tiznit,MA,2022-02-17 23:16:44,29.5833,-9.5,58.64,37,10,1.59
337,leningradskiy,RU,2022-02-17 23:16:45,69.3833,178.4167,-14.93,98,98,7.45
338,socorro,US,2022-02-17 23:16:45,31.6546,-106.3033,57.06,29,75,12.66
339,egvekinot,RU,2022-02-17 23:16:45,66.3167,-179.1667,-10.12,88,13,17.22
340,bay roberts,CA,2022-02-17 23:16:46,47.5999,-53.2648,44.24,80,100,21.0
341,svirsk,RU,2022-02-17 23:16:46,53.0858,103.3325,-13.36,100,97,1.61
342,ossora,RU,2022-02-17 23:16:47,59.2353,163.0719,2.48,95,100,4.68
343,kruisfontein,ZA,2022-02-17 23:16:47,-34.0033,24.7314,58.89,79,0,4.36
344,novyy urengoy,RU,2022-02-17 23:16:48,66.0833,76.6333,10.8,96,100,8.95
345,tshikapa,CD,2022-02-17 23:16:48,-6.4167,20.8,71.35,86,99,0.94
346,ladario,BR,2022-02-17 23:16:49,-19.0047,-57.6017,74.43,97,94,3.38
347,longyearbyen,SJ,2022-02-17 23:16:49,78.2186,15.6401,10.24,67,0,17.27
348,half moon bay,US,2022-02-17 23:16:15,37.4636,-122.4286,71.24,40,20,0.0
349,nemuro,JP,2022-02-17 23:16:50,43.3236,145.575,22.32,71,98,12.3
350,fallon,US,2022-02-17 23:16:50,39.4735,-118.7774,49.87,30,20,5.75
351,cockburn town,TC,2022-02-17 23:16:51,21.4612,-71.1419,77.5,78,3,18.99
352,mumford,GH,2022-02-17 23:16:51,5.2618,-0.759,80.13,84,78,9.46
353,bathurst,AU,2022-02-17 23:16:06,-33.4166,149.5806,78.82,49,0,3.0
354,timon,BR,2022-02-17 23:16:52,-5.0942,-42.8367,82.18,78,20,0.0
355,miri,MY,2022-02-17 23:16:52,4.4148,114.0089,73.54,100,20,0.0
356,torbat-e jam,IR,2022-02-17 23:16:53,35.244,60.6225,33.93,59,3,0.74
357,agirish,RU,2022-02-17 23:16:53,61.9247,63.0231,18.7,93,91,6.87
358,kampong cham,KH,2022-02-17 23:16:54,11.9934,105.4635,75.58,83,49,5.32
359,mookane,BW,2022-02-17 23:16:54,-23.688,26.6595,75.49,41,45,12.21
360,vares,BA,2022-02-17 23:16:54,44.1644,18.3283,28.24,92,32,2.46
361,iberia,US,2022-02-17 23:16:55,29.9502,-91.7507,73.36,88,100,18.41
362,vysokopillya,UA,2022-02-17 23:16:55,47.4919,33.5306,45.43,87,100,18.23
363,constitucion,CL,2022-02-17 23:16:29,-35.3333,-72.4167,64.15,65,3,16.96
364,pimentel,PE,2022-02-17 23:16:56,-6.8367,-79.9342,73.69,73,0,23.02
365,yavatmal,IN,2022-02-17 23:16:56,20.4,78.1333,67.01,51,28,6.64
366,kalianget,ID,2022-02-17 23:16:56,-7.05,113.9333,79.39,83,89,4.21
367,basco,PH,2022-02-17 23:16:57,20.4487,121.9702,74.61,82,100,7.81
368,sarab,IR,2022-02-17 23:16:57,38.6066,44.9883,31.37,68,100,3.94
369,marzuq,YE,2022-02-17 23:17:58,14.4,46.4667,62.51,63,2,4.38
370,san quintin,MX,2022-02-17 23:17:58,30.4833,-115.95,62.69,55,0,11.65
371,leh,IN,2022-02-17 23:17:58,34.1667,77.5833,-7.8,77,65,2.98
372,marawi,PH,2022-02-17 23:17:59,7.9986,124.2928,62.65,83,99,1.21
373,wawa,NG,2022-02-17 23:17:59,9.9022,4.4192,84.69,16,17,3.4
374,elko,US,2022-02-17 23:18:00,41.0002,-115.5012,41.02,46,2,6.35
375,ous,RU,2022-02-17 23:18:00,60.9058,61.5186,21.29,89,89,7.49
376,sarh,TD,2022-02-17 23:18:01,9.1429,18.3923,75.11,35,0,0.0
377,ubatuba,BR,2022-02-17 23:18:01,-23.4339,-45.0711,74.73,94,79,5.93
378,chabahar,IR,2022-02-17 23:18:02,25.2919,60.643,69.08,61,0,4.99
379,doha,QA,2022-02-17 23:18:02,25.2867,51.5333,64.38,55,0,8.05
380,rocha,UY,2022-02-17 23:18:03,-34.4833,-54.3333,63.88,77,61,7.05
381,porto santo,PT,2022-02-17 23:18:03,33.072,-16.3415,62.31,63,75,5.75
382,somanda,TZ,2022-02-17 23:18:03,-3.3667,33.95,65.57,91,98,3.04
383,dongsheng,CN,2022-02-17 23:18:04,39.8161,109.9776,14.76,71,100,15.5
384,bonthe,SL,2022-02-17 23:18:04,7.5264,-12.505,78.66,85,4,5.97
385,tovarkovskiy,RU,2022-02-17 23:18:05,53.6822,38.2092,33.8,98,100,23.89
386,kulhudhuffushi,MV,2022-02-17 23:18:05,6.6221,73.07,80.62,73,21,4.92
387,eureka,US,2022-02-17 23:18:05,40.8021,-124.1637,60.13,62,36,1.99
388,atasu,KZ,2022-02-17 23:18:01,48.6814,71.6433,-7.87,88,16,4.27
389,bilibino,RU,2022-02-17 23:18:06,68.0546,166.4372,-16.22,98,11,4.27
390,gwadar,PK,2022-02-17 23:18:06,25.1216,62.3254,69.57,73,0,9.89
391,voyinka,UA,2022-02-17 23:18:07,45.8699,33.9914,47.84,72,100,23.15
392,letnyaya stavka,RU,2022-02-17 23:18:07,45.4306,43.4472,35.33,78,87,8.01
393,tiarei,PF,2022-02-17 23:18:08,-17.5333,-149.3333,78.82,76,20,14.61
394,sikasso,ML,2022-02-17 23:15:44,10.9167,-7.0,79.72,14,52,3.65
395,berlevag,NO,2022-02-17 23:18:08,70.8578,29.0864,30.15,74,75,29.93
396,aksarka,RU,2022-02-17 23:18:08,66.5606,67.7975,-1.14,98,98,6.13
397,scarborough,GB,2022-02-17 23:18:09,54.2797,-0.4044,40.53,87,69,11.99
398,palauig,PH,2022-02-17 23:18:09,15.435,119.9045,77.81,78,88,3.33
399,changying,CN,2022-02-17 23:18:10,52.8733,123.3213,-14.57,100,85,2.91
400,palmer,US,2022-02-17 23:18:10,42.1584,-72.3287,56.08,71,100,13.8
401,leshukonskoye,RU,2022-02-17 23:18:11,64.8989,45.7622,29.97,92,100,12.64
402,paredon,MX,2022-02-17 23:18:11,16.0333,-93.8667,83.05,56,1,6.17
403,penzance,GB,2022-02-17 23:18:12,50.1186,-5.5371,52.48,92,100,31.36
404,lichuan,CN,2022-02-17 23:18:12,30.3,108.85,32.11,97,100,2.91
405,harper,LR,2022-02-17 23:18:13,4.375,-7.7169,79.02,86,16,7.27
406,caravelas,BR,2022-02-17 23:18:13,-17.7125,-39.2481,76.98,87,77,5.68
407,mae hong son,TH,2022-02-17 23:18:13,19.3003,97.9685,68.68,92,93,0.98
408,zomba,MW,2022-02-17 23:18:14,-15.386,35.3188,65.28,98,100,1.95
409,sorland,NO,2022-02-17 23:18:14,67.667,12.6934,17.67,63,100,10.83
410,edendale,ZA,2022-02-17 23:18:15,-29.6528,30.3147,62.62,96,100,0.56
411,kichera,RU,2022-02-17 23:18:15,55.9375,110.0997,-9.67,88,100,3.44
412,grindavik,IS,2022-02-17 23:18:16,63.8424,-22.4338,28.87,93,0,3.44
413,cherskiy,RU,2022-02-17 23:18:16,68.75,161.3,-39.46,99,46,2.35
414,decatur,US,2022-02-17 23:14:59,39.8403,-88.9548,25.11,93,100,20.71
415,horta,PT,2022-02-17 23:18:17,38.5333,-28.6333,50.59,64,88,26.24
416,victoria point,AU,2022-02-17 23:18:17,-27.5833,153.3,84.25,69,0,1.99
417,murgab,TM,2022-02-17 23:19:18,37.4966,61.9714,36.63,38,19,4.92
418,alamogordo,US,2022-02-17 23:19:18,32.8995,-105.9603,45.41,67,100,4.61
419,gandajika,CD,2022-02-17 23:19:18,-6.75,23.95,67.55,95,91,1.99
420,imbituba,BR,2022-02-17 23:16:42,-28.24,-48.6703,69.69,83,100,2.3
421,hundested,DK,2022-02-17 23:19:19,55.9667,11.8667,40.91,87,99,33.42
422,puerto escondido,MX,2022-02-17 23:19:19,15.85,-97.0667,83.23,69,75,13.8
423,miyako,JP,2022-02-17 23:19:20,39.6367,141.9525,31.77,81,100,4.38
424,semey,KZ,2022-02-17 23:19:20,50.4111,80.2275,8.1,82,100,8.59
425,jacareacanga,BR,2022-02-17 23:19:21,-6.2222,-57.7528,74.07,96,100,0.38
426,victoria,HK,2022-02-17 23:18:57,22.2855,114.1577,61.97,87,99,21.0
427,dunedin,NZ,2022-02-17 23:19:21,-45.8742,170.5036,68.56,55,20,2.53
428,yar-sale,RU,2022-02-17 23:19:22,66.8333,70.8333,-2.52,99,64,7.18
429,sioux lookout,CA,2022-02-17 23:19:22,50.1001,-91.917,-3.62,59,20,5.75
430,kharp,RU,2022-02-17 23:19:23,66.8014,65.8081,4.59,96,99,4.76
431,axim,GH,2022-02-17 23:19:23,4.8699,-2.2405,79.27,88,89,7.83
432,manzanillo,CU,2022-02-17 23:19:23,20.3433,-77.1167,77.76,71,84,3.67
433,tutoia,BR,2022-02-17 23:19:24,-2.7619,-42.2744,82.38,77,6,7.92
434,piura,PE,2022-02-17 23:19:24,-5.2,-80.6333,81.0,51,98,17.25
435,almetyevsk,RU,2022-02-17 23:19:25,54.9044,52.3154,14.02,85,16,11.72
436,shache,CN,2022-02-17 23:19:25,38.4167,77.2406,29.88,50,94,4.5
437,port lincoln,AU,2022-02-17 23:16:04,-34.7333,135.8667,64.4,73,100,13.62
438,isangel,VU,2022-02-17 23:19:26,-19.55,169.2667,84.31,79,40,2.3
439,alugan,PH,2022-02-17 23:19:26,12.2188,125.4808,79.21,82,100,12.46
440,mwanza,TZ,2022-02-17 23:19:27,-2.5167,32.9,68.4,78,87,5.7
441,cabo san lucas,MX,2022-02-17 23:18:39,22.8909,-109.9124,73.51,64,75,5.75
442,mendi,PG,2022-02-17 23:19:27,-6.1761,143.6513,61.25,90,99,1.01
443,tilichiki,RU,2022-02-17 23:19:28,60.4667,166.1,-10.16,87,93,10.87
444,yushu,CN,2022-02-17 23:19:28,44.8,126.5333,5.02,93,100,6.06
445,paarl,ZA,2022-02-17 23:19:29,-33.7338,18.9752,67.01,78,0,10.22
446,mountain home,US,2022-02-17 23:19:29,43.133,-115.6912,47.55,100,0,5.75
447,acoua,YT,2022-02-17 23:19:29,-12.7239,45.0582,80.51,74,46,5.14
448,teluk nibung,ID,2022-02-17 23:19:30,3.001,99.8164,74.62,92,95,5.66
449,sibolga,ID,2022-02-17 23:19:30,1.7427,98.7792,74.89,76,34,4.85
450,nazca,PE,2022-02-17 23:19:31,-14.8333,-74.95,75.76,65,86,9.46
451,kununurra,AU,2022-02-17 23:19:31,-15.7667,128.7333,82.38,83,82,0.0
452,alyangula,AU,2022-02-17 23:19:31,-13.8483,136.4192,84.65,68,88,3.22
453,xai-xai,MZ,2022-02-17 23:19:32,-25.0519,33.6442,76.08,84,18,8.5
454,timra,SE,2022-02-17 23:19:32,62.487,17.3257,20.88,86,20,9.22
455,bubaque,GW,2022-02-17 23:19:33,11.2833,-15.8333,77.77,78,40,12.26
456,awallan,PH,2022-02-17 23:19:33,17.9244,121.913,71.38,92,90,2.84
457,nouadhibou,MR,2022-02-17 23:19:33,20.931,-17.0347,71.58,33,100,12.66
458,sarangani,PH,2022-02-17 23:19:34,5.4033,125.4636,81.73,71,100,10.0
459,leopold,AU,2022-02-17 23:19:34,-38.1833,144.4667,67.35,71,100,17.27
460,vaasa,FI,2022-02-17 23:19:35,63.096,21.6158,24.82,80,100,18.41
461,nelson bay,AU,2022-02-17 23:19:35,-32.7167,152.15,78.96,73,4,1.99
462,logansport,US,2022-02-17 23:18:47,40.7545,-86.3567,31.05,70,100,16.11
463,bon air,US,2022-02-17 23:20:36,37.5249,-77.5578,69.48,56,78,5.99
464,marabba,SD,2022-02-17 23:20:36,12.35,32.1833,75.09,11,4,9.31
465,lucapa,AO,2022-02-17 23:20:37,-8.4192,20.7447,65.5,95,100,2.93
466,lompoc,US,2022-02-17 23:18:16,34.6391,-120.4579,70.79,51,0,17.0
467,panguna,PG,2022-02-17 23:20:37,-6.3164,155.4848,78.58,73,68,3.22
468,port-de-bouc,FR,2022-02-17 23:20:38,43.4,4.9833,56.77,82,0,12.66
469,komsomolskiy,UZ,2022-02-17 23:20:38,40.4272,71.7189,35.02,80,17,6.91
470,colleferro,IT,2022-02-17 23:20:38,41.7262,13.0036,52.3,88,94,3.04
471,mandalgovi,MN,2022-02-17 23:20:39,45.7625,106.2708,-4.47,87,6,12.39
472,coihaique,CL,2022-02-17 23:20:39,-45.5752,-72.0662,67.95,45,0,4.61
473,iquique,CL,2022-02-17 23:17:37,-20.2208,-70.1431,71.64,79,24,4.29
474,banda aceh,ID,2022-02-17 23:20:40,5.5577,95.3222,80.06,81,88,5.95
475,te anau,NZ,2022-02-17 23:20:40,-45.4167,167.7167,66.33,54,100,9.17
476,la ronge,CA,2022-02-17 23:20:41,55.1001,-105.2842,3.45,60,100,5.75
477,kushmurun,KZ,2022-02-17 23:20:41,52.4503,64.6311,12.92,94,97,14.63
478,dakar,SN,2022-02-17 23:17:39,14.6937,-17.4441,74.28,78,98,6.91
479,jos,NG,2022-02-17 23:20:42,9.9167,8.9,68.54,15,29,4.45
480,conde,BR,2022-02-17 23:20:42,-7.2597,-34.9075,80.06,78,0,3.44
481,emerald,AU,2022-02-17 23:20:43,-23.5333,148.1667,83.34,57,62,5.97
482,moundsville,US,2022-02-17 23:20:43,39.9203,-80.7431,59.14,93,100,5.01
483,aswan,EG,2022-02-17 23:20:44,24.0934,32.907,61.12,28,92,6.02
484,kambam,ID,2022-02-17 23:20:44,5.2505,96.8629,77.32,84,53,3.89
485,rincon,US,2022-02-17 23:20:45,32.296,-81.2354,77.18,83,100,13.8
486,rodeo,US,2022-02-17 23:20:45,38.033,-122.2669,72.95,33,0,5.75
487,raymondville,US,2022-02-17 23:20:46,26.4815,-97.7831,86.38,17,0,14.05
488,iskateley,RU,2022-02-17 23:20:46,67.6803,53.1512,22.44,96,100,11.83
489,columbus,US,2022-02-17 23:20:28,39.9612,-82.9988,58.57,97,100,11.5
490,hanzhong,CN,2022-02-17 23:20:47,33.0728,107.0303,34.27,86,100,2.51
491,olafsvik,IS,2022-02-17 23:20:47,64.8945,-23.7142,30.36,72,100,9.4
492,bluefields,NI,2022-02-17 23:20:47,12.0137,-83.7635,80.67,83,20,6.91
493,gornopravdinsk,RU,2022-02-17 23:20:48,60.05,69.9,17.2,97,100,6.46
494,mandera,KE,2022-02-17 23:20:48,3.9366,41.867,83.88,41,31,17.94
495,camalu,MX,2022-02-17 23:20:49,30.85,-116.0667,71.42,50,0,10.89
496,hirara,JP,2022-02-17 23:20:49,24.8,125.2833,64.67,94,75,24.16
497,vanavara,RU,2022-02-17 23:20:50,60.34,102.2797,-6.92,100,100,4.32
498,san carlos de bariloche,AR,2022-02-17 23:20:27,-41.1456,-71.3082,76.75,29,20,16.11
499,glen allen,US,2022-02-17 23:17:43,37.666,-77.5064,69.8,55,0,15.01
500,uglegorsk,RU,2022-02-17 23:20:50,49.0833,142.0333,13.69,90,100,11.23
501,labuhan,ID,2022-02-17 23:20:51,-6.8844,112.2051,77.77,86,100,3.15
502,nome,US,2022-02-17 23:20:51,64.5011,-165.4064,12.27,48,0,31.07
503,talcahuano,CL,2022-02-17 23:20:52,-36.7167,-73.1167,64.08,63,0,17.27
504,upata,VE,2022-02-17 23:20:52,8.0086,-62.3989,74.82,63,61,7.45
505,karratha,AU,2022-02-17 23:20:53,-20.7377,116.8463,89.71,47,77,6.02
506,boa vista,BR,2022-02-17 23:21:53,2.8197,-60.6733,84.18,54,40,11.5
507,eugene,US,2022-02-17 23:20:46,44.0521,-123.0867,54.27,76,75,5.75
508,poso,ID,2022-02-17 23:21:54,-1.3959,120.7524,77.67,80,100,2.08
509,konin,PL,2022-02-17 23:21:54,52.2234,18.2512,39.06,79,100,25.43
510,bambanglipuro,ID,2022-02-17 23:21:54,-7.95,110.2833,58.6,88,96,2.64
511,thiers,FR,2022-02-17 23:21:55,45.8333,3.5,52.12,91,99,3.8
512,awjilah,LY,2022-02-17 23:21:55,29.1081,21.2869,53.89,63,88,11.9
513,meulaboh,ID,2022-02-17 23:21:56,4.1363,96.1285,76.82,86,74,6.26
514,killybegs,IE,2022-02-17 23:21:56,54.6333,-8.45,37.45,89,100,6.91
515,puerto madero,MX,2022-02-17 23:21:56,14.7208,-92.4215,88.0,51,40,8.05
516,plettenberg bay,ZA,2022-02-17 23:21:57,-34.0527,23.3716,63.48,83,0,6.67
517,wewak,PG,2022-02-17 23:21:57,-3.5534,143.6268,81.37,79,100,5.39
518,vila franca do campo,PT,2022-02-17 23:21:58,37.7167,-25.4333,54.19,65,99,20.49
519,saldanha,ZA,2022-02-17 23:21:58,-33.0117,17.9442,66.25,78,0,9.1
520,ambovombe,MG,2022-02-17 23:21:59,-25.1667,46.0833,72.43,87,0,6.13
521,kutum,SD,2022-02-17 23:21:59,14.2,24.6667,65.26,13,64,6.22
522,san rafael,AR,2022-02-17 23:18:29,-34.6177,-68.3301,81.82,21,0,11.12
523,buldana,IN,2022-02-17 23:22:00,20.5333,76.1833,65.82,57,3,7.61
524,port blair,IN,2022-02-17 23:22:00,11.6667,92.75,77.04,94,75,1.14
525,cairns,AU,2022-02-17 23:22:00,-16.9167,145.7667,87.3,79,70,8.05
526,bosaso,SO,2022-02-17 23:22:01,11.2842,49.1816,71.15,71,36,3.44
527,ancud,CL,2022-02-17 23:22:01,-41.8697,-73.8203,63.93,68,0,5.7
528,coahuayana,MX,2022-02-17 23:22:01,18.7333,-103.6833,89.08,47,0,5.82
529,vostok,RU,2022-02-17 23:22:02,46.4856,135.8833,-1.39,97,88,3.42
530,zyryanka,RU,2022-02-17 23:22:02,65.75,150.85,-32.84,100,100,2.46
531,tigre,AR,2022-02-17 23:22:03,-34.426,-58.5796,70.23,69,0,13.8
532,balkhash,KZ,2022-02-17 23:22:03,46.844,74.9804,-1.53,88,5,10.33
533,los llanos de aridane,ES,2022-02-17 23:22:04,28.6585,-17.9182,60.55,49,20,8.99
534,qinhuangdao,CN,2022-02-17 23:22:04,39.9317,119.5883,22.33,77,100,7.16
535,rio grande,BR,2022-02-17 23:22:05,-32.035,-52.0986,73.94,78,41,9.89
536,samarai,PG,2022-02-17 23:22:05,-10.6167,150.6667,82.65,75,90,6.4
537,sal rei,CV,2022-02-17 23:22:05,16.1833,-22.9167,72.16,75,100,15.39
538,fiumicino,IT,2022-02-17 23:22:06,41.7675,12.2291,55.0,85,40,4.61
539,marsa matruh,EG,2022-02-17 23:22:06,31.3525,27.2453,52.0,82,0,5.75
540,puerto narino,CO,2022-02-17 23:22:07,-3.7703,-70.3831,80.55,98,100,1.43
541,pyaozerskiy,RU,2022-02-17 23:22:07,65.8333,31.1667,27.05,96,100,12.91
542,mount isa,AU,2022-02-17 23:22:08,-20.7333,139.5,87.57,40,43,4.61
543,buta,CD,2022-02-17 23:22:08,2.7858,24.73,73.4,51,49,2.19
544,wonthaggi,AU,2022-02-17 23:22:09,-38.6044,145.5913,67.42,67,98,18.59
545,peterhead,GB,2022-02-17 23:22:09,57.5058,-1.7981,36.57,72,1,14.23
546,caborca,MX,2022-02-17 23:22:09,30.5838,-111.101,62.35,20,1,10.78
547,xiamen,CN,2022-02-17 23:22:10,24.4798,118.0819,53.65,82,100,11.18
548,kieta,PG,2022-02-17 23:22:10,-6.2167,155.6333,83.48,75,64,5.53
549,de aar,ZA,2022-02-17 23:22:11,-30.6497,24.0123,69.57,36,55,11.63
550,lokosovo,RU,2022-02-17 23:22:11,61.1333,74.8167,22.12,95,98,7.63
551,normandin,CA,2022-02-17 23:22:11,48.8333,-72.5321,16.11,67,100,10.36
552,philippeville,BE,2022-02-17 23:22:12,50.1957,4.5417,45.34,84,75,12.66
553,mount gambier,AU,2022-02-17 23:22:12,-37.8333,140.7667,61.9,64,100,9.62
554,nichinan,JP,2022-02-17 23:23:13,31.6,131.3667,38.88,64,100,14.2
555,foca,TR,2022-02-17 23:23:13,38.6703,26.7566,53.44,77,6,9.95
556,beringovskiy,RU,2022-02-17 23:23:14,63.05,179.3167,-8.46,94,97,19.69
557,waipawa,NZ,2022-02-17 23:23:14,-41.4122,175.5153,67.93,59,43,9.44
558,zapolyarnyy,RU,2022-02-17 23:23:14,69.4154,30.8136,27.68,77,100,22.44
559,lazaro cardenas,MX,2022-02-17 23:23:15,17.9583,-102.2,81.52,64,0,6.17
560,yangliuqing,CN,2022-02-17 23:23:15,39.1375,116.9997,24.75,61,97,2.15
561,santa vitoria do palmar,BR,2022-02-17 23:23:16,-33.5189,-53.3681,68.25,83,55,9.78
562,kupang,ID,2022-02-17 23:23:16,-10.1667,123.5833,79.27,83,26,2.35
563,ankpa,NG,2022-02-17 23:23:17,7.3706,7.6253,79.05,33,45,2.98
564,bairiki,KI,2022-02-17 23:23:17,1.3292,172.9752,86.0,70,75,11.5
565,rawson,AR,2022-02-17 23:23:17,-43.3002,-65.1023,72.59,40,0,30.53
566,puerto del rosario,ES,2022-02-17 23:23:18,28.5004,-13.8627,62.35,82,98,11.5
567,eravur,LK,2022-02-17 23:23:18,7.7733,81.6095,74.73,83,70,4.85
